group,subj_id,area of end region 1(mm^2),area of end region 2(mm^2),branch volume(mm^3),curl,diameter(mm),elongation,gfa,irregularity,irregularity of end region 1,irregularity of end region 2,iso,mean length(mm),nqa,number of tracts,qa,radius of end region 1(mm),radius of end region 2(mm),span(mm),total area of end regions(mm^2),total radius of end regions(mm),total surface area(mm^2),trunk volume(mm^3),volume(mm^3)
0,sub-ICDPD05,20.0,18.0,1372.0,7.489539999999999,3.3233900000000003,47.5904,0.0,4.16211,20.8523,35.8732,0.0,158.162,0.0,75.0,0.0,11.5217,14.3366,21.1177,38.0,25.8583,6873.0,0.0,1372.0
0,sub-ICDPD10,35.0,30.0,998.0,8.20802,2.96963,48.5215,0.0,3.3058699999999996,8.9811,14.7759,0.0,144.091,0.0,125.0,0.0,10.0029,11.8785,17.5549,65.0,21.8814,4444.0,0.0,998.0
0,sub-ICDPD11,50.0,58.0,3464.0,7.184989999999999,5.43834,27.4214,0.0,5.02976,11.9398,5.37488,0.0,149.127,0.0,319.0,0.0,13.7851,9.96147,20.7553,108.0,23.7465,12815.0,0.0,3464.0
0,sub-ICDPD12,141.0,53.0,4485.0,5.2432300000000005,6.61676,19.7123,0.0,5.107880000000001,1.60114,8.13845,0.0,130.431,0.0,553.0,0.0,8.47713,11.7175,24.8762,194.0,20.1946,13849.0,0.0,4485.0
0,sub-ICDPD14,52.0,79.0,3244.0,6.35444,5.66145,22.7619,0.0,5.06241,3.4367300000000003,2.06601,0.0,128.865,0.0,207.0,0.0,7.54223,7.20783,20.2796,131.0,14.7501,11603.0,0.0,3244.0
0,sub-ICDPD15,43.0,74.0,2933.0,7.2698,5.11925,27.8358,0.0,4.93467,5.51385,1.76918,0.0,142.498,0.0,334.0,0.0,8.687339999999999,6.4554599999999995,19.6014,117.0,15.1428,11309.0,0.0,2933.0
